agency_id,division_id,department_id,unit_id,long_name,short_name,active
AAA,3500,3501,3501,OLDER AMERICANS PROGRAMS,OLDR AMER PGRMS,true
AAA,3500,3503,3503,AAA- MSSP,AAA MSSP,true
AAA,3500,3505,3505,AAA OTHER SENIOR PROGRAMS,OTHR SNR PROG,true
AAA,3500,3507,3507,AAA CARE TRANSITIONS PROGRAM,CARE TRANS PROG,true
AAA,3500,3509,3509,AAA CAL AIM,AAA CAL AIM,true
AGR,2800,2810,2810,PESTICIDE USE ENFORCEMENT,PEST ENFORCE,true
AGR,2800,2820,2820,PEST MANAGEMENT,PEST MANAGMNT,true
AGR,2800,2830,2830,INSPECTION SERVICES,INSPECTION SVCS,true
AGR,2800,2830,2831,WEIGHTS AND MEASURES,WGHTS AND MEAS,true
AGR,2800,2840,2840,PEST EXCLUSION QUARANTINE,PEST EXCLUSION,true
AGR,2800,2850,2850,ADMINISTRATION,ADMINISTRATION,true
AIR,5000,5001,5001,OXNARD AIRPORT ADMINISTRATION,OX AIRPRT ADMN,true
AIR,5000,5001,ALL,ALL UNIT,ALL UNIT,true
AIR,5000,5003,5003,OXNARD AIRPORT OPERATIONS,OX AIRPORT OPS,true
AIR,5000,5005,5005,OXNARD AIRPORT MAINTENANCE,OX AIRPT MAINT,true
AIR,5020,5021,5021,CAMARILLO AIRPORT ADMINISTRATION,CAM AIRPRT ADMN,true
AIR,5020,5023,5023,CAMARILLO AIRPORT OPERATIONS,CAM AIRPORT OPS,true
AIR,5020,5025,5025,CAMARILLO AIRPORT MAINTENANCE,CAM AIRPT MAINT,true
AIR,5020,5026,5026,CAMARILLO AIRPORT MAINTENANCE,CAM AIRPT MAINT,true
AIR,5020,5027,5027,BUSINESS PARK IMPROVEMENTS,BUS PRK IMPV,true
AIR,5040,5041,5041,AIRPORTS CAPITAL PROJECTS,AIR CAP PJCTS,true
AIR,5060,5060,5060,CAMARILLO AIRPORT ROADS AND LIGHTING,CAM AIR ROAD,true
ANM,2860,2861,2861,ADMINISTRATION,ADMINISTRATION,true
ANM,2860,2862,2862,LICENSING,LICENSING,true
ANM,2860,2863,2863,SHELTER OPERATIONS,SHELTER OPS,true
ANM,2860,2864,2864,VETERINARY SERVICES,VET SERVICES,true
ANM,2860,2865,2865,FIELD SERVICES,FIELD SERVICES,true
ANM,2870,2870,2870,SPAY AND NEUTER PROGRAM,SPAY NEUTR PGRM,true
APC,6150,6150,6150,AIR POLLUTION CONTROL DISTRICT,APCD,true
APC,6155,6155,6155,AIR POLLUTION GRANTS,APCD GRANTS,true
ASR,1600,1612,1612,PROPOSITION 13,PROPOSITION 13,true
ASR,1600,1613,1613,PROPOSITION 8 DECLINE VALUE,PROP 8,true
ASR,1600,1614,1614,RESTRICTED NON PROP 13,NON PROP 13,true
ASR,1600,1615,1615,PERSONAL PROPERTY,PERSONAL PROP,true
ASR,1600,1616,1616,EXEMPTIONS,EXEMPTIONS,true
ASR,1600,1617,1617,CHANGED ASSESSMENTS,CHANGED ASSESS,true
ASR,1600,1618,1618,ROLL CHANGES,ROLL CHANGES,true
ASR,1600,1619,1619,PARCEL MANAGEMENT,PARCEL MGMT,true
ASR,1600,1620,1620,PUBLIC SERVICE,PUBLIC SERVICE,true
ATL,5650,5650,5650,ANTELOPE VALLEY EAST KERN WATER AGENCY,ANT KERN WTR AY,true
AUD,1500,1510,1510,ADMINISTRATION,ADMIN,true
AUD,1500,1520,1520,PROPERTY TAX,PROPERTY TAX,true
AUD,1500,1530,1530,GENERAL ACCOUNTING,GENERAL ACCT,true
AUD,1500,1540,1540,FINANCIAL MANAGEMENT AND REPORTING,FIN MGMT REP,true
AUD,1500,1550,1550,INTERNAL AUDIT,INTERNAL AUDIT,true
AUD,1500,1560,1560,BUSINESS TECHNOLOGY,BUSINESS TECH,true
AUD,1500,1570,1570,FINANCIAL PLANNING,FINANCIAL PLAN,true
AUD,1580,1580,1580,VCFMS UPGRADE,VCFMS,true
AUD,1585,1585,1585,DEBRIS REMOVAL COLLECTION PROGRAM,DEBRIS COLL PRO,true
AVR,5655,5655,5655,ANTELOPE VALLEY RESOURCE CONSERVATION DISTRICT,ANT VLY RSRC CN,true
BCE,5660,5660,5660,BARDSDALE CEMETERY,BARDSDALE CMTRY,true
BEA,5665,5665,5665,BEACON OPERATIONS,BEACON OPS,true
BEA,5668,5668,5668,BEACON GRANTS,BEACON GRANTS,true
BEL,5670,5670,5670,BELL CANYON COMMUNITY SERVICE,BALL CAN COMM,true
BNY,5300,5301,5301,LEASE REVENUE BONDS 2013A,LRB 2013A,true
BNY,5300,5302,5302,LEASE REVENUE BONDS 2013B,LRB 2013B,true
BOS,1000,1001,1001,BOS DISTRICT 1,BOS DISTRICT 1,true
BOS,1000,1002,1002,BOS DISTRICT 2,BOS DISTRICT 2,true
BOS,1000,1003,1003,BOS DISTRICT 3,BOS DISTRICT 3,true
BOS,1000,1004,1004,BOS DISTRICT 4,BOS DISTRICT 4,true
BOS,1000,1005,1005,BOS DISTRICT 5,BOS DISTRICT 5,true
BPL,5675,5675,5675,BLANCHARD SP PUBLIC LIBRARY,BLNCHD PUB LBRY,true
CAL,5685,5685,5685,CALLEGUAS MUNICIPAL WATER DISTRICT,CALLE MUNI WTR,true
CAL,5686,5686,5686,CALLEGUAS MUNICIPAL WATER DISTRICT STAND BY CHARGE,CALLE STANDBY,true
CAL,5687,5687,5687,CALLEGUAS MUNICIPAL WATER ANNEX 16,CALLE ANX 16,true
CAM,5695,5695,5695,CAMROSA WATER DISTRICT,CAMROSA WTR DIS,true
CAM,5696,5696,5696,CAMROSA WATER DEBT SERVICE,CAMROSA WTR DBT,true
CAS,5705,5705,5705,CASITAS MUNICIPAL WATER GEN,CASITAS MUNI,true
CBW,5782,5782,5782,CUYAMA BASIN WATER DISTRICT,CUYAMA WTR DIST,true
CBW,5783,5783,5783,CUYAMA BASIN WATER DISTRICT DIRECT ASSESSMENTS,CBW DIRECT ASMT,true
CCD,6050,6050,6050,VENTURA COUNTY COMMUNITY COLLEGE DISTRICT,VCCCD,true
CCR,1900,1901,1901,CLERK AND RECORDER,CLERK RECORDER,true
CCR,1920,1921,1921,ELECTIONS,ELECTIONS,true
CDA,5680,5680,5680,CALIFORNIA COMMUNITY DEVELOPMENT AUTHORITY,CA COM DEV AUTH,true
CED,5681,5681,5681,CALIFORNIA ENTERPRISE DEVELOPMENT AUTHORITY,CA ENT DEV AUTH,true
CEO,1010,1011,1011,CEO COMMUNITY DEVELOPMENT,CEO COMM DEV,true
CEO,1010,1012,1012,CEO BUDGET AND FINANCE,CEO BUDGET FIN,true
CEO,1010,1013,1013,CEO COUNTY GOVERNMENT,CEO CNTY GOVT,true
CEO,1010,1014,1014,CEO DEPARTMENT ADMINISTRATION,CEO DEPT ADMIN,true
CEO,1010,1015,1015,CLERK OF THE BOARD OF SUPERVISORS,CLERK OF BOARD,true
CEO,1010,1016,1016,CEO HUMAN RESOURCES,CEO HR,true
CEO,1010,1017,1017,CEO HR HEALTH CARE AGENCY,CEO HR HCA,true
CEO,1010,1018,1018,SUPPLEMENTAL RETIREMENT PLAN,SPMTL RETRE PLN,true
CEO,1010,1019,1019,INDUSTRIAL RELATIONS,INDUSTL RELATNS,true
CEO,1010,1020,1020,DISABILITY MANAGEMENT,DISABILITY MGNT,true
CEO,1010,1021,1021,CEO SUSTAINABILITY,CEO SUSTAIN,true
CEO,1010,1022,1022,CEO HR PROBATION,CEO HR PROBAT,true
CEO,1010,1023,1023,CEO HR FIRE PROTECTION DISTRICT,CEO HR FPD,true
CEO,1010,1023,1024,CEO HR INFORMATION TECHNOLOGY SERVICES,CEO HR ITS,true
CEO,1010,1025,1025,CEO HR HUMAN SERVICES AGENCY,CEO HR HSA,true
CEO,1030,1031,1031,HOUSING AND COMMUNITY PROGRAMS,HOUSING COM PRG,true
CEO,1030,1032,1032,EMPOWER,EMPOWER,true
CEO,1030,1033,1033,BOARD OF STATE COMMUNITY CORRECTIONS PAY FOR SUCCESS GRANT,BSCC PFS GRANT,true
CEO,1030,1034,1034,CEO OTHER GRANTS,CEO OTHER GRANT,true
CEO,1030,1035,1035,VENTURA LAND TRUST GRANT,VLT GRANT,true
CEO,1030,1036,1036,AFFORDABLE HOUSING FUND GRANTS,AFFORD HOUSING,true
CEO,1030,1037,1037,HOMEKEY PLUS PROGRAM,HOMEKEY PLUS,true
CEO,1050,1050,1050,SPECIAL ACCOUNTS AND CONTRIBUTIONS,SPL ACCT & CNTB,true
CEO,1060,1060,1060,CAPITAL PROJECTS,CAP PROJECTS,true
CEO,1070,1070,1070,GENERAL PURPOSE INDIRECT REVENUE,INDIRECT REV,true
CEO,1080,1080,1080,DEBT SERVICE,DEBT SERVICE,true
CEO,1085,1085,1085,CANNABIS BUSINESS LICENSE PROGRAM,CB BUS LIC PROG,true
CEO,1090,1091,1091,TSP ADMINISTRATION,TSP ADMIN,true
CEO,1100,1100,1100,GENERAL FUND CONTINGENCY,GF CONTINGENCY,true
CEO,1110,1111,1111,LOCAL COURTS SUPPORT,LOC COURTS SPT,true
CEO,1110,1113,1113,FACILITIES,FACILITIES,true
CEO,1110,1115,1115,MAINTENANCE OF EFFORT,MOE,true
CEO,1110,1117,1117,COLLECTIONS ENHANCEMENT,COLLECT ENHANCE,true
CEO,1170,1170,1170,CO SUCCESSOR HOUSING AG ABX126,HOUSING AGCY,true
CEO,1180,1181,1181,WORKFORCE INVESTMENT BOARD ADMINISTRATION,WIB ADMIN,true
CEO,1180,1182,1182,WORKFORCE INVESTMENT ACT PROGRAM OPERATION,WIB PRGM OPS,true
CEO,1210,1211,1211,HOME GRANT PROGRAM,HOME GRANT,true
CEO,1210,1212,1212,PERMANENT LOCAL HOUSING ALLOCATION PROGRAM,PLHA PROGRAM,true
CEO,1220,1221,1221,COMMUNITY DEVELOPMENT BLOCK GRANT,CDBG,true
CEO,1230,1231,1231,EMERGENCY SHELTER GRANT,EMER SHLT GRNT,true
CEO,1240,1241,1241,CONTINUUM OF CARE,CONT OF CARE,true
CEO,1250,1251,1251,HOMELESS HOUSING ASSISTANCE AND PREVENTION PROGRAM,HHAP,true
CEO,1300,1300,1300,CEO RISK AND ADMINISTRATION,CEO RISK ADMIN,true
CEO,1310,1310,1310,CEO WORKERS COMPENSATION,CEO WORKER COMP,true
CEO,1320,1320,1320,CEO LIABILITY INSURANCE,CEO LIABILITY,true
CEO,1400,1401,1401,TRANSPORTATION,TRANSPORTATION,true
CEO,1400,1402,1402,DEFERRED COMPENSATION,DEFERRED COMP,true
CEO,1410,1410,1410,PERSONNEL UNEMPLOYMENT INSURANCE BENEFIT,PERSONNEL UIB,true
CEO,1420,1421,1421,ADMINISTRATION,ADMINISTRATION,true
CEO,1420,1422,1422,EMPLOYEE ASSISTANCE PROGRAM,EMP ASSIST PGRM,true
CEO,1420,1423,1423,WELLNESS WORK AND FAMILY LIFE,WELL WORK & FAM,true
CEO,1420,1423,1423,WELLNESS,WELLNESS,true
CEO,1420,1424,1424,WORK AND FAMILY,WORK AND FAMILY,true
CEO,1420,1425,1425,RETIREE - HEALTH REIMBURSEMENT ARRANGEMENT,RETIREE HRA,true
CEO,1430,1430,1430,WAGE SUPPLEMENT,WAGE SUPPLEMENT,true
CFF,6300,6300,6300,LOCAL CHILDREN FAMILIES FIRST,LOC CHILD FAM,true
CFF,6301,6301,6301,CHILDREN FAMILY FIRST ENDOWMENT,CFF ENDOWMENT,true
CFF,6302,6302,6302,CHILDREN FAMILY FIRST COMMUNITY INVESTMENT GRANTS,CFF COMTY GRANT,true
CGS,5699,5699,5699,CARPINTERIA GROUNDWATER SUSTAINABILITY AGENCY,CARP GW SUSTAIN,true
CHC,5690,5690,5690,CAMARILLO HEALTH CARE DISTRICT,CAM HLTH CR DIS,true
CIB,5715,5715,5715,CHANNEL ISLAND BEACH COMMUNITY,CHN IL BEACH CM,true
CLW,5710,5710,5710,CASTAIC LAKE WATER AGENCY,CASTAIC LK WTR,true
CMF,5683,5683,5683,CALIFORNIA MUNICIPAL FINANCE AUTHORITY,CA MUN FIN AUTH,true
COC,5720,5720,5720,CITY OF CAMARILLO PROPERTY TAX,CAMARILLO PTAX,true
COF,5725,5725,5725,CITY OF FILLMORE PROPERTY TAX,FILLMORE PTAX,true
COM,5730,5730,5730,CITY OF MOORPARK PROPERTY TAX,MOORPARK PTAX,true
COO,5735,5735,5735,CITY OF OJAI PROPERTY TAX,OJAI PTAX,true
COV,5765,5765,5765,CITY OF VENTURA PROPERTY TAX,VENTURA PTAX,true
COX,5740,5740,5740,CITY OF OXNARD PROPERTY TAX,OXNARD PTAX,true
CPH,5745,5745,5745,CITY OF PORT HUENEME PROPERTY TAX,PORT HUENE PTAX,true
CRP,5770,5770,5770,CONEJO RECREATION AND PARK DISTRICT GENERAL,CONJ REC PRK GN,true
CRP,5771,5771,5771,CONEJO CAPITAL OUTLAY,CONJ CAPITAL,true
CRP,5772,5772,5772,CONEJO RECREATION AND PARK DISTRICT AGENCY FUND,CONJ REC PRK AG,true
CRT,6200,6201,6202,JUDGES,JUDGES,true
CRT,6200,6201,6203,COMMISSIONERS,COMMISSIONERS,true
CRT,6200,6201,6204,COMMISSIONERS CSC,COMMISS CSC,true
CRT,6200,6201,6205,REPORTING SERVICES VENTURA,REPORT SVCS VTA,true
CRT,6200,6201,6206,JUDICIAL SECRETARIES VENTURA,JUD SEC VTA,true
CRT,6200,6201,6207,JUDICIAL ASSISTANTS VENTURA,JUD ASST VTA,true
CRT,6200,6201,6208,LEGAL RESEARCH VENTURA,LGL RESRCH VTA,true
CRT,6200,6201,6209,CHILDRENS WAITING ROOM,CHILD WAIT RM,true
CRT,6200,6201,6210,TRAFFIC AND OTHER INFRACTIONS VENTURA,TRAFFIC OTH VTA,true
CRT,6200,6201,6211,OTHER CRIMINAL VENTURA,OTHER CRIM VTA,true
CRT,6200,6201,6212,CIVIL AND SMALL CLAIMS VENTURA,CIVIL SM CL VTA,true
CRT,6200,6201,6213,FAMILIES AND CHILDREN VENTURA,FAM CHILD VTA,true
CRT,6200,6201,6214,FAMILY COURT SERVICES VENTURA,FAM CRT VTA,true
CRT,6200,6201,6215,FAMILY LAW FACILITATOR VENTURA,FAM LAW FAC VTA,true
CRT,6200,6201,6216,GUARDIANSHIP AND CONSERVATOR INVEST VENTURA,GRDSHIP CNSVR,true
CRT,6200,6201,6217,RECORDS VENTURA,RECORDS VENTURA,true
CRT,6200,6201,6218,SELF HELP CENTER VENTURA,SELF HELP VTA,true
CRT,6200,6201,6219,APPEALS VENTURA,APPEALS VENTURA,true
CRT,6200,6201,6220,INTERPRETER SERVICES,INTERPRETER SVC,true
CRT,6200,6201,6221,JURY SERVICES,JURY SERVICES,true
CRT,6200,6229,6229,COURT DISTRIBUTIONS,COURT DISTR,true
CRT,6200,6230,6231,REPORTINGS SERVICES JUVENILE COURTHOUSE,REPORT SVCS JJC,true
CRT,6200,6230,6232,JUDICIAL SECRETARIES JUVENILE COURTHOUSE,JUD SEC JJC,true
CRT,6200,6230,6233,JUDICIAL ASSISTANTS JUVENILE COURTHOUSE,JUD ASST JJC,true
CRT,6200,6230,6234,LEGAL RESEARCH JUVENILE COURTHOUSE,LGL RESRCH JJC,true
CRT,6200,6230,6235,TRAFFIC AND OTHER INFRACTIONS JUVENILE COURTHOUSE,TRAFFIC OTH JJC,true
CRT,6200,6230,6236,FAMILIES AND CHILDREN JUVENILE COURTHOUSE,FAM CHILD JJC,true
CRT,6200,6230,6237,FAMILY COURT SERVICES JUVENILE COURTHOUSE,FAM CRT JJC,true
CRT,6200,6230,6238,FAMILY LAW FACILITATOR JUVENILE COURTHOUSE,FAM LAW FAC JJC,true
CRT,6200,6230,6239,PROB GUARD MENTAL JUVENILE COURTHOUSE,PROB GRD JJC,true
CRT,6200,6230,6240,JUVENILE DEPENDENCY,JUV DEPENDENCY,true
CRT,6200,6230,6241,JUVENILE DELINQUENCY,JUV DELINQUENCY,true
CRT,6200,6230,6242,RECORDS JUVENILE COURTHOUSE,RECORDS JJC,true
CRT,6200,6230,6243,APPEALS JUVENILE COURTHOUSE,APPEALS JJC,true
CRT,6200,6230,6244,OTHER JUVENILE COURTHOUSE,OTHER ECCH,true
CRT,6200,6250,6251,REPORTINGS SERVICES EAST COUNTY COURTHOUSE,REPORT SVC ECCH,true
CRT,6200,6250,6252,JUDICIAL SECRETARIES EAST COUNTY COURTHOUSE,JUD SEC ECCH,true
CRT,6200,6250,6253,JUDICIAL ASSISTANTS EAST COUNTY COURTHOUSE,JUD ASST ECCH,true
CRT,6200,6250,6254,LEGAL RESEARCH EAST COUNTY COURTHOUSE,LGL RESRCH ECCH,true
CRT,6200,6250,6255,TRAFFIC AND OTHER INFRACTIONS EAST COUNTY COURTHOUSE,TRAFFIC ECCH,true
CRT,6200,6250,6256,OTHER CRIMINAL EAST COUNTY COURTHOUSE,OTHER CRIM ECCH,true
CRT,6200,6250,6257,CIVIL AND SMALL CLAIMS EAST COUNTY COURTHOUSE,CVIL SM CL ECCH,true
CRT,6200,6250,6258,FAMILIES AND CHILDREN EAST COUNTY COURTHOUSE,FAM CHILD ECCH,true
CRT,6200,6250,6259,FAMILY COURT SERVICES EAST COUNTY COURTHOUSE,FAM CRT ECCH,true
CRT,6200,6250,6260,FAMILY LAW FACILITATOR EAST COUNTY COURTHOUSE,FAM LAW ECCH,true
CRT,6200,6250,6261,RECORDS EAST COUNTY COURTHOUSE,RECORDS ECCH,true
CRT,6200,6250,6262,OTHER EAST COUNTY COURTHOUSE,OTHER ECCH,true
CRT,6200,6270,6271,EXECUTIVE OFFICE,EXECUTIVE OFF,true
CRT,6200,6270,6272,CCMS V4,CCMS V4,true
CRT,6200,6270,6273,FISCAL SERVICES VENTURA,FISCAL SVCS VTA,true
CRT,6200,6270,6274,FISCAL SERVICES EAST COUNTY COURTHOUSE,FISCAL SVC ECCH,true
CRT,6200,6270,6275,FISCAL SERVICES JUVENILE COURTHOUSE,FISCAL SVCS JC,true
CRT,6200,6270,6276,FINANCE AND PLANNING,FINANCE PLAN,true
CRT,6200,6270,6277,HUMAN RESOURCES,HUMAN RESOURCES,true
CRT,6200,6270,6278,COURT TRAINING,COURT TRAINING,true
CRT,6200,6270,6279,FACILITIES MANAGEMENT,FACILITIES MGT,true
CRT,6200,6270,6280,TECHNOLOGY,TECHNOLOGY,true
CRT,6200,6285,6286,COLLECTIONS DELINQUENT VENTURA,COLL DELINQ VTA,true
CRT,6200,6285,6287,COLLECTIONS DELINQUENT EAST COUNTY COURTHOUSE,COLL DELIN ECCH,true
CRT,6200,6285,6288,COLLECTIONS NON DELINQUENT VENTURA,COLL NON VTA,true
CRT,6200,6285,6289,COLLECTIONS DELINQUENT JUVENILE COURTHOUSE,COLL DELINQ JC,true
CRT,6200,6285,6290,COLLECTIONS SAN MATEO,COLL SAN MATEO,true
CRT,6200,6285,6291,COLLECTIONS AMADOR,COLL AMADOR,true
CRT,6200,6285,6292,COLLECTIONS SOLANO,COLL SOLANO,true
CRT,6200,6285,6293,COLLECTIONS MERCED,COLL MERCED,true
CRT,6200,6285,6294,COLLECTIONS OTHER,COLL OTHER,true
CRT,6200,6285,6295,COLLECTIONS SANTA CLARA,COLL SANTACLARA,true
CRT,6200,6285,6296,COLLECTIONS TULARE,COLL TULARE,true
CSC,1850,1850,1850,CIVIL SERVICE COMMISSION,CIVIL SERVICE,true
CSD,5700,5700,5700,CARPENTERIA SANITARY DISTRICT,CARPEN SAN DIST,true
CSL,1800,1801,1801,ADMINISTRATION,ADMINISTRATION,true
CSL,1800,1802,1802,CHILDREN AND FAMILY SERVICES SUP,CHILD FAM SVCS,true
CSL,1800,1803,1803,ADVISORY / LITIGATION,ADVISRY LITGTN,true
CSP,5750,5750,5750,CITY OF SANTA PAULA PROPERTY TAX,SANTA PAUL PTAX,true
CSS,2250,2251,2251,PROGRAM OPERATIONS,PROGRAM OPS,true
CSS,2250,2253,2253,DCSS CALL CENTER,DCSS CALL CNTR,true
CSU,5780,5780,5780,CSU CHANNEL ISLANDS SITE AUTHORITY,CSUCI,true
CSV,5755,5755,5755,CITY OF SIMI VALLEY PROPERTY TAX,SIMI VLY PTAX,true
CTO,5760,5760,5760,CITY OF THOUSAND OAKS PROPERTY TAX,THOUS OAK PTAX,true
DAO,2100,2101,2101,SPECIAL PROSECUTIONS DIVISION,SPC PRSCTNS DIV,true
DAO,2100,2101,ALL,ALL UNIT,ALL UNIT,true
DAO,2100,2102,2102,ADMINISTRATION,ADMINISTRATION,true
DAO,2100,2103,2103,CRIMINAL PROSECUTIONS DIVISION,CRM PRSCTNS DIV,true
DAO,2100,2104,2104,2011 PUBLIC SAFETY REALIGNMENT,PUB SAF RLGNMNT,true
FIL,5790,5790,5790,FILLMORE PIRU MEMORIAL,FILL PIRU MEMOR,true
FOX,5795,5795,5795,FOX CANYON GROUND WATER MANAGEMENT,FOX CYN GW MGNT,true
FOX,5796,5796,5796,LAS POSAS VALLEY WATERMASTER,LPV WATERMASTER,true
FPD,2700,2701,2701,FISCAL AND ADMIN,FISCAL ADMIN,true
FPD,2700,2711,2711,PREVENTION,PREVENTION,true
FPD,2700,2721,2721,OPERATIONS AND SUPPORT SERVICES,OPS SUPPRT SVCS,true
FPD,2700,2731,2731,FIRE CAPITAL PROJECTS,FIRE CAP PJCTS,true
FRM,3700,3700,3700,FARM ADVISOR,FARM ADVISOR,true
GRJ,2000,2001,2001,CIVIL GRAND JURY,CIVL GRAND JURY,true
GRJ,2000,2003,2003,CRIMINAL GRAND JURY,CIRM GRAND JURY,true
GSA,4500,4501,4501,CAPITAL RENEWAL,CAPITAL RENEWAL,true
GSA,4550,4551,4551,GSA HEAVY EQUIPMENT,GSA HEAVY EQUIP,true
GSA,4570,4571,4571,FLEET OPERATIONS,FLEET OPS,true
GSA,4600,4601,4601,GSA ADMINISTRATION,GSA ADMIN,true
GSA,4620,4621,4621,PURCHASING,PURCHASING,true
GSA,4640,4641,4641,DOCUMENT MANAGEMENT,DOCUMENT MGMT,true
GSA,4640,4643,4643,WAREHOUSE AND DISTRIBUTION SERVICES,WARE DISTR SVCS,true
GSA,4640,4645,4645,MAIL CENTER,MAIL CENTER,true
GSA,4660,4661,4661,SPECIAL SERVICES,SPEC SVCS,true
GSA,4700,4701,4701,FACILITIES AND MAINTENANCE ADMINISTRATION,F AND M ADMIN,true
GSA,4700,4703,4703,MAINTENANCE,MAINTENANCE,true
GSA,4700,4705,4705,UTILITIES,UTILITIES,true
GSA,4720,4721,4721,HOUSEKEEPING,HOUSEKEEPING,true
GSA,4720,4723,4723,GROUNDS,GROUNDS,true
GSA,4740,4741,4741,FACILITIES PROJECTS,FACILTIES PJCTS,true
GSA,4760,4761,4761,PARKS OPERATIONS,PARKS OPS,true
GSA,4760,4763,4763,PARKS GRANTS AND CAPITAL PROJECTS,PARKS GRANT CAP,true
GSA,4770,4770,4770,OAK VIEW SCHOOL PRESERVATION AND MAINTENANCE DISTRICT,OAK VIEW DIST,true
GSA,4780,4780,4780,NYELAND ACRES COMMUNITY CENTER CFD,NYELAND CFD,true
GSF,5798,5798,5798,GOLDEN STATE FINANCE AUTHORITY,GOLD ST FIN AUT,true
HAR,5100,5101,5101,HARBOR ADMINISTRATION,HARBOR ADMIN,true
HAR,5100,5103,5103,MARKETING PROGRAM,MKTG PROGRAM,true
HAR,5100,5105,5105,HARBOR SAFETY,HARBOR SAFETY,true
HAR,5100,5107,5107,BEACHES,BEACHES,true
HAR,5100,5109,5109,HARBOR CONCESSIONS,HARBOR CONCESS,true
HAR,5100,5111,5111,HARBOR MAINTENANCE,HARBOR MAINT,true
HAR,5100,5113,5113,HARBOR FISHERMAN'S WHARF,HARBOR FISH WHF,true
HAR,5100,5115,5115,STATE IMPRV AREAS,ST IMPRV AREAS,true
HAR,5100,5117,5117,COMMERICAL MARINA AND WHARF,COMM MARINA WHF,true
HAR,5150,5150,5150,HARBOR CAPITAL PROJECTS DIVISION,HARBOR CAP PRJ,true
HAR,5160,5160,5160,FISH AND WILDLIFE,FISH WILDLIFE,true
HCA,3000,3000,3000,HCA ADMIN AND SUPPORT SERVICES,HCA ADM SPT SVC,false
HCA,3090,3091,3091,EMERGENCY MEDICAL SERVICES,EMS,true
HCA,3090,3093,3093,EMERGENCY PREPAREDNESS,EMGCY PREP,true
HCA,3090,3095,3095,HOMELAND SECURITY,HOME SECURITY,true
HCA,3100,3101,3101,HIV AIDS PROGRAMS,HIV AIDS PGRMS,true
HCA,3100,3103,3103,PUBLIC HEALTH ADMINISTRATION,PH ADMIN,true
HCA,3100,3105,3105,HEALTH EDUCATION,HLTH ED,true
HCA,3100,3107,3107,FIELD NURSING AFLP AND CAL LEARN,FN AFLP CAL LRN,true
HCA,3100,3109,3109,"CLINICS, TB, CD, AND IZ",CLNICS TB CD IZ,true
HCA,3100,3111,3111,LAB AND VITAL RECORDS,LAB VIT ALRCRDS,true
HCA,3100,3113,3113,EPIDEMIOLOGY AND LAB CAPACITY ENHANCING DETECTION EXPANSION,ELC EDX,true
HCA,3100,3115,3115,PROV ACCESS & TRNSFM HLTH CAPCTY & INFRA TRANSTN EXPND & DEV,PATH-CITED,true
HCA,3120,3120,3120,HCA WOMEN INFANTS AND CHILDREN,HCA WIC,true
HCA,3140,3141,3141,CALIFORNIA CHILDRENS SERVICES,CALI CHILD SVCS,true
HCA,3140,3143,3143,CHILD HEALTH DISBLTY PREVENTION PROGRAM,CHDP PGRM,true
HCA,3140,3145,3145,CHILDHOOD LEAD POISONING PREVENTION,CHLP PREVENT,true
HCA,3180,3181,3181,BH SERVICES & SUPPORT EARLY INTERVENTION,BHSS EI,true
HCA,3180,3182,3182,BH SERVICES & SUPPORT EARLY INTERVENTION 25 YEARS & YOUNGER,BHSS EI 25 YR,true
HCA,3180,3183,3183,BEHAVIORAL HEALTH SERVICES & SUPPORT OTHER,BHSS OTHER,true
HCA,3180,3184,3184,BHSA FULL SERVICE PARTNERSHIP,BHSA FSP,true
HCA,3180,3185,3185,BHSA HOUSING INTERVENTION CHRONICALLY HOMELESS,BHSA HI CHRO HL,true
HCA,3180,3186,3186,BHSA HOUSING INTERVENTION OTHER,BHSA HI OTHER,true
HCA,3180,3187,3187,BHSA ADMINISTRATION & QUALITY ASSURANCE,BHSA ADMIN & QA,true
HCA,3180,3188,3188,BHSA CAPITAL FACILITIES AND TECHNOLOGY NEEDS,BHSA CFTN,true
HCA,3200,3201,3201,MHL ADMINISTRATION,MHL ADMIN,true
HCA,3200,3203,3203,MHL ADULT SERVICES,MHL ADULT SVCS,true
HCA,3200,3205,3205,MHL YOUTH FAMILY PROGRAM SERVICES,MHL YF PGRM SVC,true
HCA,3200,3207,3207,MHL QUALITY ASSURANCE SERVICES,MHL QA SVCS,true
HCA,3200,3209,3209,MHL MANAGED CARE SERVICES,MHL MC SVCS,true
HCA,3200,3213,3213,MHL JUVENILE JUSTICE PROGRAM,MHL JV JST PGRM,true
HCA,3200,3215,3215,MHL INPATIENT SERVICES,MHL INPAT SVCS,true
HCA,3220,3221,3221,SUS SUPPORTIVE SERVICES,SUS SUPT SVCS,true
HCA,3220,3223,3223,SUS PREVENTION SERVICES,SUS PVNT SVCS,true
HCA,3220,3225,3225,SUS NON-RESIDENTIAL SERVICES,SUS NONRES SVCS,true
HCA,3220,3227,3227,SUS RESIDENTIAL SERVICES,SUS RES SVCS,true
HCA,3220,3229,3229,SUS ANCILLIARY SERVICES,SUS ANCLRY SVCS,true
HCA,3220,3231,3231,SUS NARCTC TREATMENT PROV SRVC,SUS NTR SVCS,true
HCA,3220,3233,3233,SUS ADMINISTRATION,SUS ADMIN,true
HCA,3240,3241,3241,SUS DUI PROGRAM SERVICES,SUS DUI PRG SVC,true
HCA,3240,3243,3243,SUS DUI ADMINISTRATION,SUS DUI ADMIN,true
HCA,3260,3261,3261,MHS CSS YOUTH AND FAMILY SERVICE,MHS CSS YF SVCS,true
HCA,3260,3263,3263,MHS PEI,MHS PEI,true
HCA,3260,3265,3265,MHS WET,MHS WET,true
HCA,3260,3267,3267,MHS CFTN,MHS CFTN,true
HCA,3260,3269,3269,MHS INN,MHS INN,true
HCA,3260,3271,3271,MHS ADMINISTRATION,MHS ADMIN,true
HCA,3260,3273,3273,MHS CSS ADULT SERVICES,MHS CSS ADT SVC,true
HCA,3280,3281,3281,PUG PROGRAM SERVICES,PUG PROGRAM SRV,true
HCA,3280,3283,3283,PUG ADMINISTRATION,PUG ADMIN,true
HCA,3290,3291,3291,MENTAL HEALTH REHABILITATION CENTER - LEWIS ROAD,MHRC LEWIS ROAD,true
HCA,3290,3292,3292,PSYCHIATRIC HEALTH FACILITY - EAST COUNTY,PHF EAST COUNTY,true
HCA,3290,3293,3293,ADULT CRISIS STABILIZATION UNIT - SIMI VALLEY,CSU SIMI,true
HCA,3290,3294,3294,YOUTH AND FAMILY COMMUNITY RESOURCE CENTER,Y&F CRC,true
HCA,3300,3301,3301,VCMC HOSPITAL,VCMC HOSPITAL,true
HCA,3300,3311,3311,HOSPITAL REPLACEMENT WING EQUIPMENT LRB,HRW RPLC EQ LRB,true
HCA,3300,3320,3320,AMBULATORY CARE,AMBULATORY CARE,true
HCA,3300,3361,3361,VCMC INPATIENT PSYCHIATRIC UNIT,VCMC INPAT PSY,true
HCA,3300,3371,3371,SANTA PAULA HOSPITAL,SP HOSPITAL,true
HCA,3310,3312,3312,HOSPITAL REPLACEMENT WING EQUIPMENT LEASE BPACC,HRW EQ BPACC,true
HCA,3310,3313,3313,HOSPITAL REPLACEMENT WING EQUIPMENT LEASE PHILLIPS,HRW EQ PHILLIPS,true
HCA,3390,3390,3390,VENTURA COUNTY HEALTH CARE PLAN,VT CO HLTH PLN,true
HMW,5800,5800,5800,HIDDEN VALLEY MUNICIPAL WATER GENERAL,HIDDEN VAL MUNI,true
HRP,1490,1490,1491,HR PAYROLL SYSTEM,HP PAYROLL,true
HSA,3410,3411,3411,ADMINISTRATION,ADMINISTRATION,true
HSA,3410,3412,3412,COMMUNITY ACCESS AND ENGAGEMENT,CMTY ACS ENGAGE,true
HSA,3410,3413,3413,CHILDREN AND FAMILY SERVICES,CHILD FAM SVCS,true
HSA,3410,3414,3414,COMMUNITY SERVICES DEPARTMENT,COMNTY SVCS DPT,true
HSA,3410,3415,3415,EMPLOYMENT AND SUPPORT SERVICES,EMP SUPPORT SVC,true
HSA,3410,3416,3416,ADULT AND FAMILY HOMELESS SERVICES,HOMELESS SVCS,true
HSA,3410,3417,3417,ADULT PROTECTIVE SERVICES,APS,true
HSA,3410,3418,3418,IN-HOME SUPPORTIVE SERVICES ELIGIBILITY,IHSS ELIGBLTY,true
HSA,3420,3421,3421,CALWORKS,CALWORKS,true
HSA,3420,3422,3422,KINGAP,KINGAP,true
HSA,3420,3423,3423,ADOPTION,ADOPTION,true
HSA,3420,3424,3424,FOSTER CARE,FOSTER CARE,true
HSA,3420,3425,3425,CASH ASSISTANCE PROGRAM FOR IMMIGRANTS,CAPI,true
HSA,3420,3426,3426,GENERAL RELIEF,GENERAL RELIEF,true
HSA,3420,3427,3427,OTHER ASSISTANCE PROGRAMS,OTHER PRGMS,true
HSA,3420,3428,3428,DIRECT RECIPIENT AID FOR PANDEMICS AND DISASTERS,AID DISASTERS,true
HSA,3430,3431,3431,RAIN TRANSITIONAL LIVING CENTER,RAIN TLC,true
HSA,3440,3441,3441,PUBLIC ADMINISTRATOR AND PUBLIC GUARDIAN,PUB ADM PUB GRD,true
HSA,3450,3451,3451,WORKFORCE INVESTMENT BOARD ADMINISTRATION,WIB ADMIN,true
HSA,3450,3452,3452,WORKFORCE INVESTMENT ACT PROGRAM OPERATION,WIB PRGM OPS,true
HSA,3460,3461,3461,IHSS PUBLIC AUTHORITY,IHSS PUB ATHRTY,true
HSA,3470,3471,3471,DOMESTIC VIOLENCE,DOMEST VIOLENCE,true
IND,2220,2220,2220,INDIGENT LEGAL SERVICE,INDIGENT LG SVC,true
ITS,4800,4801,4801,ITSD ADMINISTRATIVE AND FISCAL SERVICES,ITSD ADMN FISC,true
ITS,4800,4802,4802,ITSD TECHNICAL SERVICES,ITSD TECH SVCS,true
ITS,4800,4803,4803,ITSD APPLICATION SERVICES,ITSD APP SVCS,true
ITS,4800,4804,4804,ITSD ENTERPRISE SERVICES,ITSD ENT SVCS,true
ITS,4800,4805,4805,ITSD GEOGRAPHIC INFORMATION SERVICES,ITSD GEO SVCS,true
ITS,4800,4806,4806,ITSD HEALTH CARE AGENCY SERVICES,ITSD HCA SVCS,true
ITS,4800,4807,4807,ITSD PUBLIC SAFETY SERVICES,ITSD PUB SAFETY,true
ITS,4800,4808,4808,EXTENDED STAFF SERVICES,EXTEND STAF SRV,true
ITS,4850,4851,4851,ITSD NETWORK SERVICES,ITSD NETWK SVCS,true
LAF,6170,6170,6170,LOCAL AGENCY FORMATION COMMISSION,LAFCO,true
LAF,6170,6170,ALL,LOCAL AGENCY FORMATION COMMISSION,LAFCO,true
LTF,6100,6100,6100,LOCAL TRANSPORTATION FUND,LOCAL TRANS FND,true
LWL,5810,5810,5810,LAW LIBRARY,LAW LIBRARY,true
MBS,5895,5895,5895,VENTURA REGIONAL SANITATION DISTRICT MALIBU BAY CHARGE,VT SAN  MB CHG,true
MEO,2880,2880,2880,MEDICAL EXAMINERS OFFICE,MEDICAL EXAM,true
MET,5820,5820,5820,METROPOLITAN WATER,METRO WATER,true
MMI,5825,5825,5825,MONTALVO MUNI IMPROVEMENT,MON MUNI IMPROV,false
MMI,5826,5826,5826,MONTALVO MUNI IMPROVEMENT REVENUE BOND,MON REV BOND,false
MOW,5815,5815,5815,MEINERS OAKS CO WATER GEN,MEINERS OAKS CO,true
OHD,5844,5844,5844,OXNARD HARBOR DISTRICT,OXN HARBOR DIST,true
OVS,5835,5835,5835,OJAI VALLEY SANITARY DISTRICT,OJAI VAL SN DIS,true
OWC,5830,5830,5830,OJAI WATER CONSERVATION DISTRICT,OJAI WTR DIST,true
OX2,5842,5842,5842,OXNARD DRAINAGE DISTRICT 2,OXNARD DRAIN 2,true
OXD,5840,5840,5840,OXNARD DRAINAGE DISTRICT 1,OXNARD DRAIN 1,true
PCE,5845,5845,5845,PIRU CEMETERY DISTRICT,PIRU CEMETERY,true
PCE,5846,5846,5846,PIRU CEMETERY DISTRICT MEASURE M,PIRU CEM MEAS M,true
PDO,2200,2201,2201,ADMINISTRATION,ADMINISTRATION,true
PDO,2200,2202,2202,CRIMINAL DEFENSE REPRESENTATION,CRIM DEEFEN REP,true
PDO,2200,2203,2203,NON CRIMINAL DEFENSE REPRESENTATION,NONCRIM DEF REP,true
PFA,5200,5200,5200,TAX EXEMPT COMMERCIAL PAPER,TECP,true
PFA,5200,5201,5201,REVOLVING CREDIT AGREEMENT,RCA,true
PFA,5210,5211,5211,PFA III 2009 CERTIFICATES OF PARTICIPATION,PFAIII 2009 COP,true
PFA,5300,5301,5301,LEASE REVENUE BONDS 2013A,LRB 2013A,true
PFA,5300,5302,5302,LEASE REVENUE BONDS 2013B,LRB 2013B,true
PFA,5300,5303,5303,LEASE REVENUE REFUNDING BONDS 2016A,LRRB 16A,true
PFA,5300,5304,5304,LEASE REVENUE REFUNDING BONDS 2020A,LRRB 2020A,true
PTS,1590,1591,1591,PTACS ADMINISTRATION CAPITAL,PTACS ADMIN CAP,true
PTS,1590,1592,1592,PTACS ASSESSOR CAPITAL,PTACS ASSR CAP,true
PTS,1590,1593,1593,PTACS AUDITOR-CONTROLLER CAPITAL,PTACS AUD CAP,true
PTS,1590,1594,1594,PTACS TAX COLLECTOR CAPITAL,PTACS TAX CAP,true
PTS,1595,1596,1596,PTACS ADMINISTRATION OPERATIONS,PTACS ADMIN OPS,true
PTS,1595,1597,1597,PTACS ASSESSOR OPERATIONS,PTACS ASSR OPS,true
PTS,1595,1598,1598,PTACS AUDITOR-CONTROLLER OPERATIONS,PTACS AUD OPS,true
PTS,1595,1599,1599,PTACS TAX COLLECTOR OPERATIONS,PTACS TAX OPS,true
PVC,5855,5855,5855,PLEASANT VALLEY CO WATER GENERAL,PLST VAL CO WTR,true
PVC,5856,5856,5856,PLEASANT VALLEY CO WATER BOND,PV WATER BOND,true
PVR,5850,5850,5850,PLEASANT VALLEY RECREATION AND PARK GENERAL,PLSNT VAL REC,true
PWA,4000,4000,4001,PUBLIC WORKS GENERAL FUND SPECIAL PROJECTS,PWA GF SP PRJTS,true
PWA,4000,4000,4002,TODD ROAD JAIL WASTEWATER TREATMENT PLANT,TRJ WWTP,true
PWA,4000,4000,4003,PUBLIC WORKS GENERAL FUND REAL ESTATE SERVICE FRANCHISE FEES,PWA GENFU REAL,true
PWA,4000,4000,4004,PUBLIC WORKS GENERAL FUND REAL ESTATE LEASING,PWA GF RE LEASE,true
PWA,4000,4000,4005,PUBLIC WORKS GENERAL FUND ENGINEERING SERVICES,PWA GENFU ENG,true
PWA,4000,4000,4007,PUBLIC WORKS GENERAL FUND DEVELOPMENT SERVICES,PWA GENFU DEV,true
PWA,4000,4000,4009,PUBLIC WORKS GENERAL FUND FLOOD PLAIN MANAGEMENT,PWA GENFU FLOOD,true
PWA,4040,4040,4040,PUBLIC WORKS INTEGRATED WASTE MANAGEMENT DIVISION,PW INT WAST MGT,true
PWA,4080,4080,4081,ROAD FUND GENERAL,ROAD FUND GEN,true
PWA,4080,4080,4082,ROAD FUND OPERATIONS AND MAINTENANCE,ROAD FUND OM,true
PWA,4080,4080,4083,ROAD FUND INFRASTRUCTURE,ROAD FUND INFRA,true
PWA,4090,4090,4091,UNINCORPORATED STORMWATER ZONE 1,UNINC SW ZN1,true
PWA,4090,4090,4092,UNINCORPORATED STORMWATER ZONE 2,UNINC SW ZN2,true
PWA,4090,4090,4095,UNINCORPORATED STORMWATER COUNTYWIDE,UNINC SW CNTYWD,true
PWA,4100,4100,4100,CSA 3 CAMP CHAFFEE,CSA 3 CAMP CHAF,true
PWA,4110,4110,4110,CSA 4 OAK PARK,CSA 4 OAK PARK,true
PWA,4120,4120,4120,CSA 14 UNINCORPORATED STREET LIGHTING,CSA 14 STR LGHT,true
PWA,4130,4130,4130,CSA 29 NORTH COAST OPERATIONS AND MAINTENANCE,CSA 29 N COAST,true
PWA,4140,4140,4140,CSA 30 NYELAND ACRES OPERATIONS AND MAINTENANCE,CSA 30 NYE ACRE,true
PWA,4150,4150,4150,CSA 34 EL RIO OPERATIONS AND MAINTENANCE,CSA 34 EL RIO,true
PWA,4155,4155,4155,CSA 34 EL RIO DEBT SERVICE,CSA 34 DEBT SVC,true
PWA,4200,4200,4200,WATERSHED PROTECTION DISTRICT ADMINISTRATION,WPD ADMIN,true
PWA,4210,4210,4211,WPD ZONE 1 GENERAL,WPD ZN 1 GEN,true
PWA,4210,4210,4212,WPD ZONE 1 NPDES,WPD ZN 1 NPDES,true
PWA,4210,4210,4213,WPD ZONE 1 OPERATIONS AND MAINTENANCE,WPD ZN 1 OPS,true
PWA,4210,4210,4214,WPD ZONE 1 INFRASTRUCTURE,WPD ZN 1 INFRA,true
PWA,4210,4210,4215,MATILIJA DAM ECOSYSTEM RESTORATION PROJECT,WPD ZN 1 MDERP,true
PWA,4220,4220,4221,WPD ZONE 2 GENERAL,WPD ZN 2 GEN,true
PWA,4220,4220,4222,WPD ZONE 2 NPDES,WPD ZN 2 NPDES,true
PWA,4220,4220,4223,WPD ZONE 2 OPERATIONS AND MAINTENANCE,WPD ZN 2 OPS,true
PWA,4220,4220,4224,WPD ZONE 2 INFRASTRUCTURE,WPD ZN 2 INFRA,true
PWA,4230,4230,4231,WPD ZONE 3 GENERAL,WPD ZN 3 GEN,true
PWA,4230,4230,4232,WPD ZONE 3 NPDES,WPD ZN 3 NPDES,true
PWA,4230,4230,4233,WPD ZONE 3 OPERATIONS AND MAINTENANCE,WPD ZN 3 OPS,true
PWA,4230,4230,4234,WPD ZONE 3 INFRASTRUCTURE,WPD ZN 3 INFRA,true
PWA,4239,4239,4239,WPD ZONE 3 SIMI SUBZONE,WPD ZN 3 SIMI,true
PWA,4240,4240,4241,WPD ZONE 4 GENERAL,WPD ZN 4 GEN,true
PWA,4240,4240,4242,WPD ZONE 4 NPDES,WPD ZN 4 NPDES,true
PWA,4240,4240,4243,WPD ZONE 4 OPERATIONS AND MAINTENANCE,WPD ZN 4 OPS,true
PWA,4240,4240,4244,WPD ZONE 4 INFRASTRUCTURE,WPD ZN 4 INFRA,true
PWA,4300,4300,4300,WATERWORKS DISTRICT 1 MOORPARK WATER,WW1 MRPRK WATER,true
PWA,4305,4305,4305,WATERWORKS DISTRICT 1 MOORPARK SANITATION,WW1 MRPRK SAN,true
PWA,4309,4309,4309,WATERWORKS DISTRICT 1 DEBT SERVICE,WW1 DIV3 DT SVC,true
PWA,4320,4320,4320,WATERWORKS DISTRICT 16 PIRU SANITATION,WW16 PIRU SAN,true
PWA,4325,4325,4325,WATERWORKS DISTRICT 16 DEBT SERVICE,WW16 DBT SVC,true
PWA,4330,4330,4330,WATERWORKS DISTRICT 17 BELL CANYON WATER,WW17 BL CAN WTR,true
PWA,4340,4340,4340,WATERWORKS DISTRICT 19 SOMIS WATER,WW19 SOMIS,true
PWA,4360,4360,4360,WATERWORKS DISTRICT 38 LAKE SHERWOOD,WW38 LAKE SRWD,true
PWA,4370,4370,4370,CAMARILLO AIRPORT SANITATION,CAM AIRPORT SAN,true
PWA,4375,4375,4375,CAMARILLO AIRPORT WASTEWATER CAPITAL RESERVE FUND,WASTE CAP RSRV,true
PWA,4400,4410,4411,CENTRAL SERVICES ISF,CNTRL SVCS ISF,true
PWA,4400,4410,4412,REAL ESTATE ISF,REAL ESTATE ISF,true
PWA,4400,4420,4421,ENGINEERING ISF,ENGINEERING ISF,true
PWA,4400,4420,4422,DEVELOPMENT SERVICES ISF,DEV SVCS ISF,true
PWA,4400,4420,4423,SURVEY ENGINEERING,SURVEY ENG ISF,true
PWA,4400,4430,4431,WATERSHED PROTECTION GENERAL ISF,WP GEN ISF,true
PWA,4400,4430,4432,WATERSHED PROTECTION OPERATIONS AND MAINTENANCE ISF,WP OM ISF,true
PWA,4400,4440,4441,TRANSPORTATION GENERAL ISF,TRANSP GEN ISF,true
PWA,4400,4440,4442,TRANSPORTATION OPERATIONS AND MAINTENANCE ISF,TRANSP OM ISF,true
PWA,4450,4450,4451,WATER AND SANITATION OPERATIONS ISF,WTR SAN OPS ISF,true
PWA,4450,4450,4452,INTEGRATED WASTE MANAGEMENT ISF,IWMD ISF,true
PWA,4460,4460,4460,SANTA ROSA ROAD ASSESSMENT DISTRICT,SR ROAD ASMT DS,true
RET,6160,6160,6160,RETIREMENT ADMINISTRATION,RETIREMT ADM,true
RET,6160,6160,6161,RETIREMENT DISTRICT AB 1291,RETIREMENT DIST,true
RMA,2900,2901,2901,RMA ADMINISTRATION,RMA ADMIN,true
RMA,2900,2905,2905,ENVIRONMENTAL IMPACT REPORTS,ENVMTL IMP RPTS,true
RMA,2900,2907,2907,ACCELA PROGRAM,ACCELA,true
RMA,2910,2911,2911,PERMITTING,PERMITTING,true
RMA,2910,2913,2913,PLANS AND ORDINANCES,PLANS AND ORD,true
RMA,2910,2915,2915,GRANTS AND SPECIAL PROGRAMS,GRNTS SPC PRGMS,true
RMA,2910,2917,2917,GENERAL PLAN,GENERAL PLAN,true
RMA,2920,2921,2921,INSPECTIONS,INSPECTIONS,true
RMA,2920,2923,2923,PLAN CHECK,PLAN CHECK,true
RMA,2920,2925,2925,PERMIT PROCESSING,PERMIT PROCESS,true
RMA,2930,2931,2931,HAZARDOUS MATERIALS,HAZ MATERIALS,true
RMA,2930,2933,2933,COMMUNITY SERVICES,COMMUNITY SVCS,true
RMA,2930,2935,2935,MANDATED NON REVENUE ADMINISTRATION SUPPORT,MAN NOREV ADMIN,true
RMA,2930,2937,2937,VECTOR CONTROL PROGRAM,VEC CNTRL PROG,true
RMA,2930,2939,2939,TECHNICAL SERVICES,TECH SVCS,true
RMA,2950,2953,2953,RMA BUILDING AND ZONING ENFORCEMENT,RMA ENF,true
RMA,2960,2960,2960,CSA 32 ONSITE WASTEWATER MANAGEMENT,CSA32 WTR MGMT,true
ROF,5500,5500,5500,REDEVELOPMENT OBLIGATION RETIREMENT OBLIGATION FUND AB X1 26,REDEV RETIRE,true
RSR,5860,5860,5860,RANCHO SIMI RECREATION AND PARK DISTRICT,RANCHO SIMI REC,true
RSR,5861,5861,5861,RANCHO SIMI RECREATION AND PARK DISTRICT SPECIAL ZONE,RN SIMI SPEC ZO,true
SAT,5870,5870,5870,SATICOY SANITATION GENERAL,SATICOY SAN GEN,true
SHF,2500,2501,2501,ADMINISTRATION,ADMINISTRATION,true
SHF,2500,2503,2503,SUPPORT SERVICES,SUPPORT SVCS,true
SHF,2500,2504,2504,SHERIFF IT SERVICES,SHF IT SVS,true
SHF,2500,2505,2505,OFFICE OF EMERGENCY SERVICES,OFF EMGCY SVCS,true
SHF,2500,2506,2506,EOC EMERGENCY LOGISTICS,EOC EMERG LOG,true
SHF,2500,2507,2507,RECORDS,RECORDS,true
SHF,2500,2521,2521,EAST COUNTY PATROL,EAST CNTY PTROL,true
SHF,2500,2523,2523,CENTRAL COUNTY PATROL,CENT CNTY PTROL,true
SHF,2500,2525,2525,WEST COUNTY SPECIAL ENFORCEMENT UNIT,WEST CNTY SPEC,true
SHF,2500,2527,2527,WEST COUNTY PATROL,WEST CNTY PTROL,true
SHF,2500,2529,2529,MAJOR CRIME INVESTIGATIONS,MAJ CRME INVEST,true
SHF,2500,2530,2530,MAJOR CRIMES GRANTS,MAJOR CRM GRANT,true
SHF,2500,2541,2541,TECHNICAL SERVICES,TECH SVCS,false
SHF,2500,2543,2543,FORENSIC SERVICES,FORENSIC SVCS,true
SHF,2500,2544,2544,FORENSIC SERVICES GRANTS,FOR SVCS GRANTS,true
SHF,2500,2545,2545,AVIATION UNIT,AVIATION UNIT,true
SHF,2500,2547,2547,INFORMATION SERVICES AND CRIME ANALYSIS,ISCA,false
SHF,2500,2548,2548,CRIME ANALYSIS,CRIME ANALYSIS,true
SHF,2550,2551,2551,DETENTION ADMINISTRATION,DETENTION ADMIN,true
SHF,2550,2553,2553,MAIN JAIL,MAIN JAIL,true
SHF,2550,2555,2555,COURT SERVICES,COURT SERVICES,true
SHF,2550,2557,2557,EAST COUNTY JAIL,EAST CNTY JAIL,true
SHF,2550,2559,2559,ELECTRONIC MONITORING,ELECT MONITOR,true
SHF,2550,2561,2561,TODD ROAD JAIL,TODD ROAD JAIL,true
SHF,2570,2570,2570,SHERIFF INMATE WELFARE,SHF INMATE WLFR,true
SHF,2580,2580,2580,SHERIFF INMATE COMMISSARY,SHF INMATE COMM,true
SHR,5805,5805,5805,LAKE SHERWOOD DEBT SERVICE,LK SHWD DBT SVC,true
SMR,5865,5865,5865,RESOURCE CONSERVATION DISTRICT OF SANTA MONICA MOUNTAINS,ST MONCA RES,true
SVD,5785,5785,5785,EL RANCHO SIMI PIONEER CEMETERY,EL RANCHO SIMI,true
TFS,5875,5875,5875,TRIUNFO WATER AND SANITATION DISTRICT GENERAL,TRIUNFO SAN GEN,true
TRJ,2595,2595,2595,TRJ HEALTH AND PROGRAMMING UNIT,TRJ HEALTH PROG,true
TSA,5502,5502,5502,2002 PIRU TAX BONDS SPECIAL,02 PIRU SPECIAL,true
TSA,5503,5503,5503,2002 PIRU TAX BONDS DEBT SERVICE,02 PIRU DEBT SV,true
TSA,5504,5504,5504,2002 PIRU TAX BONDS RESERVE,02 PIRU RESERVE,true
TSA,5505,5505,5505,2008 PIRU TAX BONDS SPECIAL,08 PIRU SPECIAL,true
TSA,5506,5506,5506,2008 PIRU TAX BONDS DEBT SERVICE,08 PIRU DEBT SV,true
TSA,5507,5507,5507,2008 PIRU TAX BONDS RESERVE,08 PIRU RESERVE,true
TTC,1700,1701,1701,ADMINISTRATION,ADMINISTRATION,true
TTC,1700,1702,1702,TAX COLLECTION DIVISION,TAX COLLECT DIV,true
TTC,1700,1703,1703,TREASURY DIVISION,TREASURY DIV,true
TTT,5210,5212,5212,CERTIFICATES OF PARTICIPATION WW19 SOMIS PROJECT,COP WW19,true
UWC,5880,5880,5880,UNITED WATER CONSERVATION DISTRICT,UNITED WTR DIST,true
UWC,5881,5881,5881,UNITED WATER CONSERVATION DISTRICT IMPORT,UNITED WTR IMP,true
VCJ,2020,2021,2021,VCIJIS ADMINISTRATION,VCIJIS ADMIN,true
VCJ,2020,2022,2022,VCIJIS CENTRAL INTEGRATION,VCIJIS CENT INT,true
VCJ,2020,2023,2023,VCIJIS DISTRICT ATTORNEY'S OFFICE,VCIJIS DAO,true
VCJ,2020,2024,2024,VCIJIS PROBATION AGENCY,VCIJIS VCP,true
VCJ,2020,2025,2025,VCIJIS PUBLIC DEFENDER'S OFFICE,VCIJIS PDO,true
VCJ,2020,2026,2026,VCIJIS SHERIFF'S OFFICE,VCIJIS SHF,true
VCJ,2020,2027,2027,VCIJIS SUPERIOR COURT,VCIJIS COURT,true
VCL,3600,3600,3600,VENTURA COUNTY LIBRARY ADMINISTRATION,LIBRARY ADMIN,true
VCL,3610,3611,3611,LIBRARY BRANCHES,LIBRY  BRANCHES,true
VCL,3610,3613,3613,LIBRARY ADMINISTRATION,LIBRY ADMIN,true
VCL,3610,3615,3615,LIBRARY COLLECTION DEVELOPMENT AND PROCESSING,LIBRY COLTN DEV,true
VCL,3610,3617,3617,LIBRARY TECHNOLOGY,LIBRY TECH,true
VCL,3610,3619,3619,LIBRARY CHILDREN PROGRAMMING,LIBRY CHLD PGRM,true
VCL,3610,3621,3621,LIBRARY ADULT PROGRAMMING,LIBRY ADLT PGRM,true
VCL,3610,3623,3623,LIBRARY ADULT LITERACY READ PROGRAM,LIBRY ADLT LIT,true
VCL,3610,3625,3625,LIBRARY FACILITIES,LIBRY FACLTS,true
VCL,3610,3627,3627,LIBRARY GENERAL AGENCY,LIBRY GEN AGNCY,true
VCL,3650,3650,3650,GEORGE D LYON BOOK FUND,GDL BOOK FUND,true
VCP,2600,2610,2610,ADMINISTRATIVE SERVICES,ADMIN SERVICES,true
VCP,2600,2620,2621,JUVENILE FACILITY OPERATIONS ADMINISTRATION,JF OPS ADMIN,true
VCP,2600,2620,2622,JUVENILE FACILITY HOUSING,JF HOUSING,true
VCP,2600,2620,2623,INTAKE AND COMMUNITY CONFINEMENT,INTAKE COM CONF,true
VCP,2600,2620,2624,YOUTH OFFENDER BLOCK GRANT,YOBG,true
VCP,2600,2630,2631,JUVENILE COURT SERVICES,JUV COURT SVCS,true
VCP,2600,2630,2632,JUVENILE FIELD SERVICES,JUV FIELD SVCS,true
VCP,2600,2630,2633,PLACEMENT UNIT,PLACEMENT UNIT,true
VCP,2600,2630,2634,JUVENILE JUSTICE CRIME PREVENTION ACT PROGRAMS,JJCPA,true
VCP,2600,2650,2651,ADULT COURT SERVICES,ADLT COURT SVCS,true
VCP,2600,2650,2652,PUBLIC SAFETY REALIGNMENT,PUB SAF REALIGN,true
VCP,2600,2650,2653,ADULT FIELD SERVICES,ADLT FIELD SVCS,true
VCP,2600,2680,2680,ALTERNATIVE CUSTODY PROGRAMS,ALT CUST PRGRMS,true
VCP,2600,2690,2690,PROFESSIONAL STANDARDS UNIT,PROF STAND UNIT,false
VCP,2600,2690,2691,PROFESSIONAL STANDARDS AND TRAINING,PROF STD TRAIN,true
VCP,2600,2690,2692,ORGANIZATIONAL SUPPORT SERVICES,ORG SUPT SVCS,true
VOE,6000,6000,6000,VENTURA COUNTY OFFICE OF EDUCATION,VCOE,true
VPD,5885,5885,5885,VENTURA PORT GENERAL,VT PORT GEN,true
VRC,5900,5900,5900,VENTURA COUNTY RESOURCE CONSERVATION DISTRICT,VTA RES CONSV,true
VRS,5890,5890,5890,VENTURA REGIONAL CO SANITATION,VT REG CO SAN,true
VRW,5905,5905,5905,VENTURA RIVER CO WATER GEN,VT RIVER CO WTR,true
VTC,5915,5915,5915,SERVICE AUTHORITY FOR FREEWAY EMERGENCIES,SAFE,true
WRC,5910,5910,5910,WESTERN RIVERSIDE COUNCIL OF GOVERNMENTS,W RIVERSIDE COG,true
